Unnamed: 0,Název,Kategorie,Adresa,E-mail,Telefon,Webová stránka,Valid Web,Web Validation,Matched,Notes,Source,New Contact,New Matched,web
1,Ambulantní péče o osoby s duševním onemocněním,Psychiatrická ambulance,"Klicperova 6, Hořice 508 01, Královéhradecký kraj",horice@vaspsychiatr.cz,,www.vaspsychiatr.cz,https://www.mudrwolna.cz/ ,https://www.mudrwolna.cz/ ,unmatched,"https://www.mudrwolna.cz/ (POZNÁMKA: podle všeho by to měla být ona, ale nejsem si jistý, tak na 99% je to asi ona)",,,,https://www.vaspsychiatr.cz
10,Mgr. Dagmar Jakubská - Soukromá psychologická praxe,Psychologická ambulance,"Kavčí plácek 121/1, Hradec Králové (část) 500 03, Královéhradecký kraj",dagmar.jakubska@seznam.cz,+420777819645,http://www.psycholog-hk.cz/,https://psycholog-hk.eu/contact/,https://psycholog-hk.eu/contact/,matched,,"scraped_contacts_telefon, scraped_contacts_email",,,
12,Mgr. René Hůlek - Psychologická poradna,Psychologická ambulance,"Kavčí plácek 121/1, Hradec Králové (část) 500 03, Královéhradecký kraj",rene@hulek.cz,+420608970783,https://search.seznam.cz/?q=psycholog+hradec+kr%C3%A1lov%C3%A9&oq=psycholog+Hradec+&aq=1&sourceid=top&thru=sugend&sId=puFsObCO0i8VnJrk8ZoV&sgId=MTA5Nzc3MzkgMTYxMDk2ODAxNS42NzA%3D&overlay_type&overlay_id,https://www.najdipomoc.cz/detail/psycholog/mgr-rene-h-lek/,https://www.najdipomoc.cz/detail/psycholog/mgr-rene-h-lek/,matched,tohle není jeho osobní stránka ale asi jediná stránka s kontaktními údaji,"scraped_contacts_telefon, scraped_contacts_email",,,
14,EEG - Biofeedback,Psychologická ambulance,"Machkova 587/42, Hradec Králové (část) 503 11, Královéhradecký kraj",noskovi.hk@gmail.com,,www.eeg-biofeedback-hradec.cz,https://www.eeg-biofeedback-hradec.cz/,?,unmatched,"Nejde najít - nemá web, nejde najít",,,,https://www.eeg-biofeedback-hradec.cz
23,Mgr. Martin Brož - Psychologická poradna,Psychologická ambulance,"Velké náměstí 19/29, Hradec Králové (část) 500 03, Královéhradecký kraj",martinbroz@mb-psychoterapie.cz,+420721710198,mb-psychoterapie.cz,http://www.mb-psychoterapie.cz/,http://www.mb-psychoterapie.cz/,matched,"tohle je správně, asi to nenašlo kontakt protože je to hned dole na main stránce",scraped_contacts_telefon,,,
25,Psychoterapeutická poradna TERAPEUTOVNA,Psychoterapeutická ambulance,"S. K. Neumanna 250/4, Hradec Králové (část) 500 02, Královéhradecký kraj",psychoterapeutovna@gmail.com,+420775727068,www.psycholozkazpatehopatra.cz,https://psycholozkazpatehopatra.cz/,https://psycholozkazpatehopatra.cz/,unmatched," - tohle je taky v poho, ale problém je že telefonní číslo a email jsou na jiném místě",,,,https://www.psycholozkazpatehopatra.cz
26,"AKAP centrum, s.r.o.",Psychologická ambulance,"V Kopečku 163/19, Hradec Králové (část) 500 03, Královéhradecký kraj",akapcentrum@gmail.com,+420603739658,asistovanekontakty.cz,https://www.facebook.com/asistovanekontakty/ ,https://www.facebook.com/asistovanekontakty/ ,unmatched,nefunguje stránka ale funguje FB :,,,,
28,Centrum duševního zdraví a komunitní centrum Tábor,CDZ - Centrum duševního zdraví,"Mostecká 2087, Tábor (část) 390 02, Jihočeský kraj",fokustabor@fokustabor.cz,+420731209156,http://www.fokustabor.cz/centrum-dusevniho-zdravi-_-komunitni-tym-tabor,http://www.fokustabor.cz/kontakty,http://www.fokustabor.cz/kontakty,matched,,scraped_contacts_email,,,
29,CDZ Ostrava,CDZ - Centrum duševního zdraví,"Kafkova 1116/13, Moravská Ostrava (část) 702 00, Moravskoslezský kraj",info@cdzostrava.cz,+420595223166,cdzostrava.cz,http://cdzostrava.cz/kontakt/,http://cdzostrava.cz/kontakt/,matched,,"scraped_contacts_telefon, scraped_contacts_email",,,
30,Ailia psychiatrická ambulance Milevsko,Psychiatrická ambulance,"Nádražní 1383, Milevsko 399 01, Jihočeský kraj",ailia1@centrum.cz,+420777110607,https://alia13.webnode.cz/,https://alia13.webnode.cz/kde-nas-najdete/,https://alia13.webnode.cz/kde-nas-najdete/,matched,,scraped_contacts_email,,,
32,Ambulance klinické psychologie - Nemocnice Havlíčkův Brod,Psychologická ambulance,"Husova 2624, Havlíčkův Brod 580 01, Kraj Vysočina",irena.komendova@onhb.cz,+420569472306,onhb.cz/Article.asp?nDepartmentID=256&nArticleID=341&nLanguageID=1,http://www.onhb.cz/article.asp?nArticleID=341&nLanguageID=1,http://www.onhb.cz/article.asp?nArticleID=341&nLanguageID=1,matched,,scraped_contacts_telefon,,,
36,Ambulance klinického psychologa - Nemocnice Jihlava,Klinický psycholog,"Vrchlického 4630/59, Jihlava (část) 586 01, Kraj Vysočina",vitekd@nemji.cz,+420567157417,https://nemji.cz/vismo/o_utvar.asp?id_org=427000&id_u=1019&tzv=2&p1=1154,https://www.nemji.cz/kontakty/,https://www.nemji.cz/kontakty/,unmatched,,,,,
55,Psychiatrická ambulance - Klatovská nemocnice,Psychiatrická ambulance,"Plzeňská 929, Klatovy II 339 01, Plzeňský kraj",leona.jehlikova@klatovy.nemocnicepk.cz,+420376335970,https://klatovy.nemocnicepk.cz,https://klatovy.nemocnicepk.cz/kontakt/,je treba aktualizovat,matched,,"scraped_contacts_telefon, scraped_contacts_email",,,
65,MUDr. Libuše Kvasničková,Psychiatrická ambulance,"Liberecká 15, Jablonec nad Nisou (část) 466 01, Liberecký kraj",liba_k@volny.cz,+420483713735,https://nrpzs.uzis.cz/detail-35916-mudr-libuse-kvasnickova.html,https://www.nzip.cz/poskytovatel/specializovana-ambulance/60254114000000,https://www.nzip.cz/poskytovatel/specializovana-ambulance/60254114000000,unmatched,"Nemá web, telefon je ok, email nemá, dal jsem tam o něco lepší web ale jsou docela totžné",,,,
66,Psychiatrická ambulance MUDr. Martin Dejdar,Psychiatrická ambulance,"Na žertvách 2431/21, Libeň (Praha 8) (část) 180 00, Hlavní město Praha",dejdar@dejdar-martin.cz,+420607535595,http://www.dejdar-martin.cz/,https://dejdar-martin.cz,https://dejdar-martin.cz,unmatched,"tohle je ok, možná to crawler nenašel",,,,
67,MUDr. Kateřina Volfová,Psychiatrická ambulance,"Kpt. Jaroše č.p. 2876, Tábor (část) 390 01, Jihočeský kraj",,+420725447100,https://www.registrlekaru.cz/ordinace-psychiatrie-katerina-volfova-17876/,https://www.firmy.cz/detail/2613434-mudr-katerina-volfova-psychiatricka-ambulance-tabor.html,nejde nacist kontakty - https://www.firmy.cz/detail/2613434-mudr-katerina-volfova-psychiatricka-ambulance-tabor.html,matched,"Nejde protože to není viditelné, ale musíš klikat. Tady informace na firmy.cz jsou asi méně spolehlivé a možná by tenhle kontakt mohl být vždy manuálně updated",scraped_contacts_telefon,,,
76,Mgr. et Mgr. Michal Hanzlovský,Klinický psycholog,"Komenského 12, Jindřichův Hradec I 377 01, Jihočeský kraj",,+420606237063,https://mudrslanina.webnode.cz/_files/200000069-75c1e75c20/Medajlonek%20Hanzlovsk%C3%BD.pdf,https://www.slaninovi.com/,https://www.slaninovi.com/,unmatched,,,,,
99,Klinický psycholog Mgr. Marta Beníčková,Klinický psycholog,"J. E. Purkyně 365, Uherské Hradiště 686 68, Zlínský kraj",benicekm@nemuh.cz,+420572529852,http://psychologuh.cz/,http://psychologuh.cz/,?,matched,,scraped_contacts_telefon,,,
107,Občanská poradna Prachatice,Odborné sociální poradenství,"Zlatá stezka 145, Prachatice 383 01, Jihočeský kraj",poradna@krebul.cz,+420723123093,https://www.krebul.cz/obcanska-poradna,https://www.slaninovi.com/,https://www.slaninovi.com/,unmatched,,,,,
122,Občanská poradna Liberec,Odborné sociální poradenství,"Švermova 32/35, Františkov-Liberec X 460 10, Liberecký kraj",poradna@d-os.net,+420777098277,www.d-os.net,https://d-os.net/o-nas/kontakty,https://d-os.net/o-nas/kontakty,matched,,"scraped_contacts_telefon, scraped_contacts_email",,,https://www.d-os.net
125,"Občanská poradna Liberec - kontaktní pracoviště Jablonec nad Nisou, Spolkový dům",Odborné sociální poradenství,"Emilie Floriánové 1376/8, Jablonec nad Nisou (část) 466 01, Liberecký kraj",poradna.jablonec@d-os.net,+420775077618,www.d-os.net,https://d-os.net/o-nas/kontakty,https://d-os.net/o-nas/kontakty,unmatched,,,,,https://www.d-os.net
128,Občanská poradna Liberec - kontaktní pracoviště Frýdlant v čechách - POSEC,Odborné sociální poradenství,"Havlíčkovo nám. 304, Frýdlant 464 01, Liberecký kraj",poradna.frydlant@d-os.net,+420775077234,www.d-os.net,https://d-os.net/o-nas/kontakty,https://d-os.net/o-nas/kontakty,unmatched,,,,,https://www.d-os.net
129,Občanská poradna Liberec - kontaktní pracoviště Nový Bor,Odborné sociální poradenství,"Wolkerova 446, Nový Bor 473 01, Liberecký kraj",poradna.novybor@d-os.net,+420774496261,www.d-os.net,https://d-os.net/o-nas/kontakty,https://d-os.net/o-nas/kontakty,unmatched,,,,,https://www.d-os.net
131,Občanská poradna Liberec - pracoviště česká Lípa,Odborné sociální poradenství,"Wolkerova 446, česká Lípa (část) 470 01, Liberecký kraj",poradna.ceskalipa@d-os.net,+420608477657,www.d-os.net,https://d-os.net/o-nas/kontakty,https://d-os.net/o-nas/kontakty,unmatched,,,,,https://www.d-os.net
132,Občanská poradna Liberec - kontaktní pracoviště Turnov,Odborné sociální poradenství,"Žižkova 2031, Turnov 511 01, Liberecký kraj",poradna.turnov@d-os.net,+420777323156,www.d-os.net,https://d-os.net/o-nas/kontakty,https://d-os.net/o-nas/kontakty,unmatched,,,,,https://www.d-os.net
136,Občanská poradna Liberec - kontaktní pracoviště Jilemnice,Odborné sociální poradenství,"Dolení 64, Jilemnice 514 01, Liberecký kraj",poradna.jilemnice@d-os.net,+420776331112,www.d-os.net,https://d-os.net/o-nas/kontakty,https://d-os.net/o-nas/kontakty,matched,,scraped_contacts_telefon,,,https://www.d-os.net
138,Bezplatná poradna mezi paragrafy (český Krumlov),Odborné sociální poradenství,"5. května 251, český Krumlov 381 01, Jihočeský kraj",pravni.poradenstvi@krumlov.cz,+420774110124,http://poradna.krumlov.cz/w/-310/,https://poradna.icosck.cz/kontakt,https://poradna.icosck.cz/kontakt,matched,"tady je novej web, mají stejný udaje s těmito v souboru","scraped_contacts_telefon, scraped_contacts_email",,,
146,"Manželská a rodinná poradna PorCeTa, o.p.s.",Odborné sociální poradenství,"Smetanova 1284/32, Tábor (část) 390 02, Jihočeský kraj",horecka@porceta.cz,+420777882002,http://www.porceta.cz,https://porceta.cz/kontakt/,https://porceta.cz/kontakt/,unmatched,,,,,
155,Bezplatná poradna mezi paragrafy (Kaplice),Odborné sociální poradenství,"Náměstí 70, Kaplice 382 41, Jihočeský kraj",pravni.poradenstvi@krumlov.cz,+420774110124,http://poradna.krumlov.cz/w/pobocky-ckrumlov-kaplice-vetrni-215/,https://poradna.icosck.cz/kontakt,https://poradna.icosck.cz/kontakt,matched,,"scraped_contacts_telefon, scraped_contacts_email",,,
165,Bezplatná poradna mezi paragrafy (Trhové Sviny),Odborné sociální poradenství,"Žižkovo náměstí 40, Trhové Sviny 374 01, Jihočeský kraj",pravni.poradenstvi@krumlov.cz,+420774110124,http://poradna.krumlov.cz/w/pobocky-tsviny-nhrady-218/,https://poradna.icosck.cz/kontakt,https://poradna.icosck.cz/kontakt,matched,,"scraped_contacts_telefon, scraped_contacts_email",,,
168,Bezplatná poradna mezi paragrafy (Nové Hrady),Odborné sociální poradenství,"Nové Hrady 244, Nové Hrady (část) 373 33, Jihočeský kraj",pravni.poradenstvi@krumlov.cz,+420774110124,http://poradna.krumlov.cz/w/pobocky-tsviny-nhrady-218/,https://poradna.icosck.cz/kontakt,https://poradna.icosck.cz/kontakt,matched,,"scraped_contacts_telefon, scraped_contacts_email",,,
176,Poradna Sv. Rity - odborné sociální poradenství,Odborné sociální poradenství,"Nový Hrozenkov 504, Nový Hrozenkov 756 04, Zlínský kraj",poradna@nhrozenkov.charita.cz,,https://www.nhrozenkov.charita.cz/kontakty/?s=poradna-sv-rity,https://www.nhrozenkov.charita.cz/kontakty/?o=charita-novy-hrozenkov,https://www.nhrozenkov.charita.cz/kontakty/?o=charita-novy-hrozenkov,unmatched,,,,,
183,Občanská poradna Charity Zlín,Odborné sociální poradenství,"Zálešná I 4057, Zlín (část) 760 01, Zlínský kraj",poradna@zlin.charita.cz,,https://www.zlin.charita.cz/adresar/?s=odborne-socialni-a-dluhove-poradenstvi#directory-detail,https://www.zlin.charita.cz/adresar/?s=odborne-socialni-a-dluhove-poradenstvi#directory-detail,https://www.zlin.charita.cz/adresar/?s=odborne-socialni-a-dluhove-poradenstvi#directory-detail,unmatched,"Mail i web sedí, telefony jsem našel dva: 739 245 973, 739 245 974",,,,
189,"Logos - poradna pro děti, dospívající a jejich rodiče",Odborné sociální poradenství,"Pod Stráněmi 2505, Zlín (část) 760 01, Zlínský kraj",eliasova@unko.cz,,https://www.unko.cz/,https://www.unko.cz/,https://www.unko.cz/,unmatched,"Hodně bizarně vypadající web :D Kontakty jsou hned v hlavičce, možná je to problém  dotazy@unko.cz    577 434 428",,,,
201,Pedagogicko-psychologická poradna pro Prahu 3,Pedagogicko-psychologické poradny,"Lucemburská 1856/40, Žižkov, 130 00 Praha 3",poradna3@ppp3.cz,+420702087107,http://ppp3a9.cz/,https://www.ppp3.cz/,https://www.ppp3.cz/,matched,"Obojí by mělo být matched, web byl špatně","scraped_contacts_telefon, scraped_contacts_email",,,
203,Pedagogicko-psychologická poradna pro Prahu 9,Pedagogicko-psychologické poradny,"Mochovská 570/41, 198 00 Praha 9 – Hloubětín",hloubetin@ppp9.cz,+420222524209,https://ppp9.cz/,https://ppp9.cz/hloubetin/,https://ppp9.cz/hloubetin/,matched,Mají to schované pod kontakty -> hloubetin; obojí matched,"scraped_contacts_telefon, scraped_contacts_email",,,
206,Školské poradenské zařízení – SPC a PPP,Pedagogicko-psychologické poradny,"Váňova 3180, 272 01 Kladno",mdrdova@spzkolobezka.cz,,http://www.spzkolobezka.cz/,https://www.spzkolobezka.cz/?page_id=28,https://www.spzkolobezka.cz/?page_id=28,matched,"telefon nemají, email sedí, v menu je to kontakt, v url ne, zřejmě nějakej slepenej wordpress web",scraped_contacts_email,,,
208,"Pedagogicko-psychologická poradna, České Budějovice, Nerudova 59",Pedagogicko-psychologické poradny,"Nerudova 859/59, České Budějovice 3, 370 04 České Budějovice",poradna.info@pppcb.cz,+420723392134,https://www.pppcb.cz/,https://www.pppcb.cz/ceske-budejovice,https://www.pppcb.cz/ceske-budejovice,matched,"obojí matched, mají více poboček na které jsou pak jednotlivé stránky s kontakty","scraped_contacts_telefon, scraped_contacts_email",,,
210,"Gymnázium J. G. Mendela a jeho zařízení a Základní umělecká škola, školská právnická osoba",Pedagogicko-psychologické poradny,"Voroněžská 2566/5, Žabovřesky, 616 00 Brno",ppp@skolskykomplex.cz,,https://www.skolskykomplex.cz/g-jgm/,https://www.skolskykomplex.cz/ppp/kontakt/,https://www.skolskykomplex.cz/ppp/kontakt/,matched,"Jen takhle sedí mail, mají i telefony: +420 543 216 135; +420 775 211 793",scraped_contacts_email,,,
217,"Fokus Liberec, o. s., Myklub Liberec, Klub duševního zdraví Česká Lípa",Organizace uživatelů péče,"Nezvalova 662, 460 15 Liberec 15",fokus-rehabilitace@volny.cz,,http://www.fokuslbc.eu/,https://www.fokusliberec.cz/stranky/94/kontakty.html,https://www.fokusliberec.cz/stranky/94/kontakty.html,unmatched,"Nový web; mail není matched, je potřeba manuální vstup",,,,
225,"Česká společnost pro duševní zdraví, pobočka Mladá Boleslav, o. s.",Organizace uživatelů péče,"Nový park 1262, 293 01 Mladá Boleslav",ceska.spolecnost@telecom.cz,,http://www.fokus-mb.cz/klubko,https://www.fokus-mb.cz/kontakt/,https://www.fokus-mb.cz/kontakt/,unmatched,"Mnoho kontaktů, žádný match, manuální vstup nutný",,,,
226,K – centrum Cheb,Krizová centra - pro děti a mládež,"Kostelní nám. 15, Cheb, 35002",asistentka@kotec.cz,asistentka@kotec.cz,http://www.kotec.cz/regiony/cheb/kontaktni-centrum/,http://www.kotec.cz/regiony/cheb/kontaktni-centrum/,http://www.kotec.cz/regiony/cheb/kontaktni-centrum/,new_email_match,"Web je v pořádku, ale nemáme ani telefon, ani mail tudíž není co matchovat :D vs.kc.cheb@kotec.cz + 739 285 102 nebo kc.cheb@kotec.cz + 739 570 108
",,"['asistentka@kotec.cz', 'kc.cheb@kotec.cz', 'cpr.cheb@kotec.cz', 'cpr.as@kotec.cz', 'vs.tp.tachov@kotec.cz', 'nzdm.sokolov@kotec.cz', 'mzdy@kotec.cz', 'klub.relax@kotec.cz', 'vs.nzdm.ml@kotec.cz', 'ndc.tachov@kotec.cz', 'cpr.sokolov@kotec.cz', 'klubvaute@kotec.cz', 'projekty@kotec.cz', 'tp.cheb@kotec.cz', 'tp.sokolov@kotec.cz', 'cpr.ml@kotec.cz', 'cpr.tachov@kotec.cz', 'klub.restart@kotec.cz', 'vs.kc.cheb@kotec.cz', 'tp.tachov@kotec.cz', 'vs.tp.sokolov@kotec.cz', 'kc.sokolov@kotec.cz']",new_email_match,
236,Centrum J. J. Pestalozziho Jihlava Krizové centrum,Krizová centra - pro děti a mládež,Štefanikovo nám. 1972/2 586 01 Jihlava,kcji@pestalozzi.cz,+420567155028,https://pestalozzi.cz/sluzby/krizove-centrum-jihlava/,https://pestalozzi.cz/sluzby/krizove-centrum-jihlava/,https://pestalozzi.cz/sluzby/krizove-centrum-jihlava/,matched,"Web cajk, email matched, telefon potřeba manuálně
",scraped_contacts_email,,,
238,La Strada - Informační a SOS linka,Telefonická krizová pomoc - pro děti a mládež,"P.O.BOX 305, 111 21 Praha 1",pomoc@strada.cz,+420222717171,http://www.strada.cz/,https://www.strada.cz/hledam-pomoc/,https://www.strada.cz/hledam-pomoc/,matched,"web má rozcestník hned na začátku, email ani číslo není matched -> zvládneme automaticky","scraped_contacts_telefon, scraped_contacts_email",,,
239,STREETWORK ON LINE Karviná,Terénní programy pro děti a mládež,"Makarenkova 1242/6, Nové Město, 735 06 Karviná",online@slezskadiakonie.cz,+420731428974,http://www.onlinekarvina.cz/,https://www.slezskadiakonie.cz/sluzby/streetwork-online-karvina-tp/,https://www.slezskadiakonie.cz/sluzby/streetwork-online-karvina-tp/,matched,"jiný web, kontakty matched","scraped_contacts_telefon, scraped_contacts_email",,,
240,Klíč - terénní práce s dětmi a mládeží,Terénní programy pro děti a mládež,"Pod Stráněmi 2505, Zlín, 760 01 Zlín",kaderova@unko.cz,+420734440024,http://www.unko.cz/,https://www.unko.cz/kontaktujte-nas/,https://www.unko.cz/kontaktujte-nas/,unmatched,Matched; podstránka kontaktujte nás,,,,
248,Mgr. Miloš Knob,Psychologové,"Chelčického 39, 130 00 – Praha 4",milos.knob@csspraha.cz,+420223586768,https://www.csspraha.cz/krizove-centrum-riaps-krizova-intervence-a-psychologicka-podpora,https://www.csspraha.cz/kc-riaps,https://www.csspraha.cz/kc-riaps,unmatched,"Web je zřejmě tento, ale není tam ani jeden match. původní web nenalezen
",,,,
251,PhDr. Iveta Kopecká,Psychologové,"Chelčického 39, 130 00 – Praha 5",iveta.kopecka@csspraha.cz,+420224586768,https://www.csspraha.cz/krizove-centrum-riaps-krizova-intervence-a-psychologicka-podpora,https://www.csspraha.cz/kc-riaps,https://www.csspraha.cz/kc-riaps,unmatched,"Web je zřejmě tento, ale není tam ani jeden match. původní web nenalezen
",,,,
284,Mgr. Hana Orlíková,Psychologové,"Chelčického 39, 130 00 – Praha 7",hana.orlikova@csspraha.cz,+420226586768,https://www.csspraha.cz/krizove-centrum-riaps-krizova-intervence-a-psychologicka-podpora,https://www.csspraha.cz/kc-riaps,https://www.csspraha.cz/kc-riaps,unmatched,"Web je zřejmě tento, ale není tam ani jeden match. původní web nenalezen
",,,,
296,PhDr. Vladmiríra Straková,Psychologové,"Chelčického 39, 130 00 – Praha 8",vladimira.strakova@csspraha.cz,+420227586768,https://www.csspraha.cz/krizove-centrum-riaps-krizova-intervence-a-psychologicka-podpora,https://www.csspraha.cz/kc-riaps,https://www.csspraha.cz/kc-riaps,unmatched,"Web je zřejmě tento, ale není tam ani jeden match. původní web nenalezen
",,,,
298,Mgr. Michaela Svečulová,Psychologové,"Chelčického 39, 130 00 – Praha 9",michaela.sveculova@csspraha.cz,+420228586768,https://www.csspraha.cz/krizove-centrum-riaps-krizova-intervence-a-psychologicka-podpora,https://www.csspraha.cz/kc-riaps,https://www.csspraha.cz/kc-riaps,unmatched,"Web je zřejmě tento, ale není tam ani jeden match. původní web nenalezen
",,,,
301,PhDr. Zdeňka Štichová,Psychologové,"Chelčického 39, 130 00 – Praha 10",zdenka.stichova@csspraha.cz,+420229586768,https://www.csspraha.cz/krizove-centrum-riaps-krizova-intervence-a-psychologicka-podpora,https://www.csspraha.cz/kc-riaps,https://www.csspraha.cz/kc-riaps,unmatched,"Web je zřejmě tento, ale není tam ani jeden match. původní web nenalezen
",,,,
302,Mgr. Jakob Zámečník,Psychologové,"Chelčického 39, 130 00 – Praha 11",jakub.zamecnik@csspraha.cz,+420230586768,https://www.csspraha.cz/krizove-centrum-riaps-krizova-intervence-a-psychologicka-podpora,https://www.csspraha.cz/kc-riaps,https://www.csspraha.cz/kc-riaps,unmatched,"Web je zřejmě tento, ale není tam ani jeden match. původní web nenalezen
",,,,
303,Mgr. Jan Červenka,Psychologové,"Chelčického 39, 130 00 – Praha 12",jan.cervenka@csspraha.cz,+420231586768,https://www.csspraha.cz/krizove-centrum-riaps-krizova-intervence-a-psychologicka-podpora,https://www.csspraha.cz/kc-riaps,https://www.csspraha.cz/kc-riaps,unmatched,"Web je zřejmě tento, ale není tam ani jeden match. původní web nenalezen
",,,,
304,Mgr. Jitka Vávrová,Psychologové,"U Včely 176, 156 00 Praha 5 – Zbraslav",,+420257920303,https://www.ddzbraslav.cz/?page_id=12,https://cchm.cz/,https://cchm.cz/,matched,"Změna názvu a url webu; telefon sedí, email není",scraped_contacts_telefon,,,
306,Mgr. Natália Čavojcová,Psychologové,Thámova 133/24 Praha 8 – Karlín,info@psychologickapomoc.cz,+420608280182,https://ordinace-thamova.webnode.https//www.psychologpraha.cz/cz/,https://psychologpraha.cz/kontakt/?lang=cs,https://psychologpraha.cz/kontakt/?lang=cs,unmatched,Unmatched -> 736727375 + ordinace@psychologpraha.cz,,,,
309,PhDr. Helena Mačasová,Psychologové,"Peckova 15, 186 00 Praha 8 – Karlín",,+420606166109,http://palimpsest.cz/,http://palimpsest.cz/,http://palimpsest.cz/,matched,"Vypadá ok, ale je tam víc kontaktů, mail by měl být helena@macasova.cz případně se dá scrapovat i z https://www.macasova.cz/",scraped_contacts_telefon,,,
311,Mgr. Naďa Kravcivová,Psychologové,"Hrnčířská 2985, 470 01 Česká Lípa",,+420487877646,https://www.znamylekar.cz/nada-kravcivova/psycholog/ceska-lipa,https://www.kravcivova.cz/content/kontakt,https://www.kravcivova.cz/content/kontakt,unmatched,"Unmatched both, umíme nahradit automaticky, lepší podle mě scrapovat z jejího webu než ze znamylekar.cz (i proto, že tam nejsou žádné kontakty :D)",,,,
313,PhDr. Jiří Štěrba,Psychologové,"Chomutov, Písečná 5825",,+420607774050,http://www.sterba.mypage.cz/,https://www.info-chomutov.cz/phdr-jiri-sterba/index.html,https://www.info-chomutov.cz/phdr-jiri-sterba/index.html,matched,"Jeho web je nefunkční, nevím jestli je info-chomutov dobrá volba, nicméně tam je telefon match + mail: 4406@seznam.cz",scraped_contacts_telefon,,,
320,Emingerová Eva,Psychologové,"Most, tř. Budovatelů 1395/23",,+420723031108,http://www.dopravni-psychologicke-pracovist.webnode.cz/,https://emingerova.sluzby.cz/,https://emingerova.sluzby.cz/,matched,"Web neexistuje; https://emingerova.sluzby.cz/ je telefon match
",scraped_contacts_telefon,,,
323,"Baranniková Zdeňka, PhDr.",Psychologové,"Žatec, Masarykova 745",,+420603253634,http://www.educozatec.cz/,https://www.firmy.cz/detail/476803-psychologicka-poradna-phdr-zdenka-venclickova-barannikova-zatec.html,https://www.firmy.cz/detail/476803-psychologicka-poradna-phdr-zdenka-venclickova-barannikova-zatec.html,matched,"Web neexistuje, telefon match na firmy.cz, email: zdena.barannikova@centrum.cz
",scraped_contacts_telefon,,,
324,Klinický psycholog PhDr. Karel Bröckl,Psychologové,"Sedláčkova 209, 301 00 Plzeň 3",brockl@powernet.cz,,https://psychologie-plzen.cz/,https://www.firmy.cz/detail/485665-phdr-karel-brockl-plzen-vnitrni-mesto.html,https://www.firmy.cz/detail/485665-phdr-karel-brockl-plzen-vnitrni-mesto.html,unmatched,"Web neexistuje, email match na firmy.cz, telefon: +420 602 161 405
",,,,
325,Mgr. Daniela SAIFRTOVÁ,Psychologové,Wilsonova 585 Slaný 274 01,saifrtova@volny.cz,+420735055069,http://psychologslany.cz/index_sl.html,https://psychologslany.cz/slany#kontakt,https://psychologslany.cz/slany#kontakt,matched,"Jiná podstránka; telefon match; email ne: psychoslamnik@volny.cz (je jich ta více, takže manuálně)",scraped_contacts_telefon,,,
326,Mgr. Ivona Matějů,Psychologové,Wilsonova 585 Slaný 274 01,saifrtova@volny.cz,+420736055069,http://psychologslany.cz/index_sl.html,https://psychologslany.cz/slany#kontakt,https://psychologslany.cz/slany#kontakt,unmatched,"Jiná podstránka; telefon match; email ne: psychoslamnik@volny.cz (je jich ta více, takže manuálně)",,,,
327,PhDr. Andrea Kalinová,Psychologové,Wilsonova 585 Slaný 274 01,saifrtova@volny.cz,+420737055069,http://psychologslany.cz/index_sl.html,https://psychologslany.cz/slany#kontakt,https://psychologslany.cz/slany#kontakt,unmatched,"Jiná podstránka; telefon match; email ne: psychoslamnik@volny.cz (je jich ta více, takže manuálně)",,,,
338,Mgr. Andrea Sakalová,Psychologové,Vančurova 1548 272 01 Kladno,,+420313606111,http://www.nemocnicekladno.cz/oddeleni/spolecne-obory/klinicka-psychologie,http://www.nemocnicekladno.cz/kontakty,http://www.nemocnicekladno.cz/kontakty,unmatched,Jiná podstránka; telefon matche; email není,,,,
343,Mgr. Miroslav Šubrt,Psychologové,Vančurova 1548 272 01 Kladno,,+420314606111,http://www.nemocnicekladno.cz/oddeleni/spolecne-obory/klinicka-psychologie,http://www.nemocnicekladno.cz/kontakty,http://www.nemocnicekladno.cz/kontakty,unmatched,Jiná podstránka; telefon matche; email není,,,,
352,Mgr. Judita Trenklerová,Psychologové,Vančurova 1548 272 01 Kladno,,+420315606111,http://www.nemocnicekladno.cz/oddeleni/spolecne-obory/klinicka-psychologie,http://www.nemocnicekladno.cz/kontakty,http://www.nemocnicekladno.cz/kontakty,unmatched,Jiná podstránka; telefon matche; email není,,,,
358,Uherskohradišťská nemocnice – Ambulance klinické psychologie,Psychologové,J. E. Purkyně 365 686 68 Uherské Hradiště,benicekm@nemuh.cz,+420572529852,http://psychologuh.cz/,http://psychologuh.cz/,http://psychologuh.cz/,matched,,scraped_contacts_telefon,,,
359,Ambulance klinické psychologie a psychoterapie Český Těšín,Psychologové,"Ostravská 783, 737 01 Český Těšín",jmachova.jm@gmail.com,+420608000783,http://www.psychologietesin.cz/,http://www.psychologietesin.cz/,http://www.psychologietesin.cz/,new_contact_both_match_with_email,neaktualni tel cislo a email,,"['+420608153311', 'majetnyjakub@gmail.com']",new_contact_both_match_with_email,
373,Nízkoprahové zařízení pro děti a mládež T-klub,Nízkoprahové zařízení,"Nemocniční 1093/40, Krásná Lípa, 407 46 Krásná Lípa u Rumburka",galbava@komunitnicentrum.com,+420775708087,www.komunitnicentrum.com,https://www.komunitnicentrum.com,https://www.komunitnicentrum.com,matched,,scraped_contacts_telefon,,,https://www.komunitnicentrum.com
374,NZDM Klub Zvonice,Nízkoprahové zařízení,"Žižkova 508, 282 01 Český Brod",jana@leccos.cz,+420602402474,http://www.leccos.cz,http://www.leccos.cz,http://www.leccos.cz,new_email_match,,,"['michaela@leccos.cz', 'simona@leccos.cz', 'kristyna@leccos.cztel', 'petrai@leccos.cz', 'renata@leccos.cztel', 'petra@leccos.cztel', 'dana@leccos.cztel', 'andrea@leccos.cztel', 'lenka@leccos.cztel', 'vera@leccos.cztel', 'terezaf@leccos.cztel', 'zvonice@leccos.cztel', 'erika@leccos.cztel', 'martina@leccos.cz', 'githa@leccos.cz', 'rodiny@leccos.cztel', 'katerina@leccos.cztel', 'petr@leccos.cztel', 'jana@leccos.cztel', 'dita@leccos.cztel']",new_email_match,
381,Free klub,Nízkoprahové zařízení,"Bořivojova 620/29, Slezská Ostrava-Kunčičky, 718 00 Ostrava",freeklub@pavucina.net,+420731876683,www.freeklub.cz,https://pavucina.net/volnocas-aktivity/ostrava-kuncicky/nzdm-free-klub/,,matched,,scraped_contacts_telefon,,,https://www.freeklub.cz
387,Klub pro mladé Prosapia,Nízkoprahové zařízení,"Fügnerova 355/16, Děčín I-Děčín, 405 02 Děčín",j.pittnerova@prosapia-zu.cz,+420736482254,www.prosapia-zu.cz,http://new.prosapia-zu.cz/,http://new.prosapia-zu.cz/,matched,,"scraped_contacts_telefon, scraped_contacts_email",,,https://www.prosapia-zu.cz
388,Nízkoprahové zařízení pro děti a mládež Kamin,Nízkoprahové zařízení,"Třebovská 221, Hylváty, 562 03 Ústí nad Orlicí",rcsrdicko@jbuo.cz,+420778724126,www.kamin.klubexit.cz,http://www.kamin.klubexit.cz,http://www.kamin.klubexit.cz,new_email_match,,,"['540novak@klubexit.czing', '', 'novakova@klubexit.czeli', '402pinkas@klubexit.czerika', '249rcsrdicko@jbuo.czpavel']",new_email_match,https://www.kamin.klubexit.cz
403,Nízkoprahové zařízení pro děti a mládež Modrý pomeranč,Nízkoprahové zařízení,"Selicharova 1420/3, Nový Hradec Králové, 500 12 Hradec Králové",nizkoprahove.centrum@salinger.cz,+420777041030,http://www.salinger.cz,https://www.salinger.cz/kontakt,https://www.salinger.cz/kontakt,matched,,"scraped_contacts_telefon, scraped_contacts_email",,,
405,N - klub,Nízkoprahové zařízení,"Masarykovo náměstí 243, 295 01 Mnichovo Hradiště",nzdm.mh@os-semiramis.cz,+420734232706,http://www.os-semiramis.cz/os-site/,http://www.os-semiramis.cz/os-site/kontakt/,http://www.os-semiramis.cz/os-site/kontakt/,matched,,scraped_contacts_email,,,
406,Nízkoprahové zařízení pro děti SPOLEČNĚ-JEKHETANE,Nízkoprahové zařízení,"Dělnická 387/20, Poruba, 708 00 Ostrava",nizkoprah@jekhetane.cz,+420702051567,www.jekhetane.cz,http://jekhetane.cz/?page_id=116,http://jekhetane.cz/?page_id=116,matched,spatný tel. cislo a adresa,scraped_contacts_email,,,https://www.jekhetane.cz
407,NZDM v Hanušovicích,Nízkoprahové zařízení,"Školní 199, 788 33 Hanušovice",skurkova@podaneruce.cz,+420608256804,www.podaneruce.cz,https://podaneruce.cz/centra-sluzby/nizkoprahove-zarizeni-pro-deti-a-mladez-v-hanusovicich/,https://podaneruce.cz/centra-sluzby/nizkoprahove-zarizeni-pro-deti-a-mladez-v-hanusovicich/,matched,,"scraped_contacts_telefon, scraped_contacts_email",,,https://www.podaneruce.cz
408,NZDM v Kroměříži,Nízkoprahové zařízení,"Velehradská 625/4, Kroměříž, 767 01 Kroměříž",nzdm.km@podaneruce.cz,+420770120864,www.podaneruce.cz,https://podaneruce.cz/centra-sluzby/nizkoprahove-zarizeni-pro-deti-a-mladez-v-hanusovicich/,https://podaneruce.cz/centra-sluzby/nizkoprahove-zarizeni-pro-deti-a-mladez-v-kromerizi/,unmatched,,,,,https://www.podaneruce.cz
412,NZDM v Brně,Nízkoprahové zařízení,"Václavská 31/15, Brno-střed, Staré Brno, 603 00 Brno",nzdm.brno@podaneruce.cz,+420733534464,www.podaneruce.cz,https://podaneruce.cz/centra-sluzby/nzdm-brno/,https://podaneruce.cz/centra-sluzby/nzdm-brno/,matched,,"scraped_contacts_telefon, scraped_contacts_email",,,https://www.podaneruce.cz
418,NZDM v Mohelnici a Zábřehu,Nízkoprahové zařízení,"Hradební 1496/4, 789 85 Mohelnice",nzdm.mz@podaneruce.cz,+420777720230,www.podaneruce.cz,https://podaneruce.cz/centra-sluzby/nzdm-mohelnice-zabreh/,https://podaneruce.cz/centra-sluzby/nzdm-mohelnice-zabreh/,matched,,"scraped_contacts_telefon, scraped_contacts_email",,,https://www.podaneruce.cz
419,NZDM v Prostějově,Nízkoprahové zařízení,"Svatoplukova 2463/29, Prostějov, 796 01 Prostějov",nzdm.pv@podaneruce.cz,+420778406919,www.podaneruce.cz,https://podaneruce.cz/centra-sluzby/nzdm-prostejov/,https://podaneruce.cz/centra-sluzby/nzdm-prostejov/,matched,,"scraped_contacts_telefon, scraped_contacts_email",,,https://www.podaneruce.cz
420,NZDM v Olomouci,Nízkoprahové zařízení,"Dolní náměstí 27/38, Olomouc, 779 00 Olomouc",kubena@podaneruce.cz,+420773537932,www.podaneruce.cz,https://podaneruce.cz/centra-sluzby/nzdm-olomouc/,https://podaneruce.cz/centra-sluzby/nzdm-olomouc/,matched,,"scraped_contacts_telefon, scraped_contacts_email",,,https://www.podaneruce.cz
421,Dětské centrum Teen Callenge International ČR,Nízkoprahové zařízení,"Cejl č.ev. 18, Ponava, 602 00 Brno",dcbrno@gmail.com,+420739600052,http://www.dc-brno.cz,https://teenchallengebrno.cz/kontakt/,https://teenchallengebrno.cz/kontakt/,matched,,scraped_contacts_email,,,
423,Temperi - Nízkoprahový klub pro děti a mládež BRÁNA,Nízkoprahové zařízení,"Vitorazská 77, 378 10 České Velenice",branacv@tempericb.cz,+420704000739,www.tempericb.cz,http://www.tempericb.cz/kontakty/,http://www.tempericb.cz/kontakty/,new_email_match,,,"['martina.hruskova@tempericb.cz', 'hana.francova@tempericb.cz', 'jiri.mares@tempericb.cz', 'bohdana.brizova@tempericb.cz', 'jana.lakatosovs@tempericb.cz', 'vlasta.nova@tempericb.cz', 'temperi.sr@tempericb.cz', 'tempericb@tempericb.czt', 'centrumpomoci@tempericb.cz', 'ales.novotny@tempericb.cz', 'marie.sedlackova@tempericb.cz', 'veronika.nejedlova@tempericb.cz', 'hana.francova@tempericb.cz', 'jiri.mares@tempericb.cz', 'bohdana.brizova@tempericb.cz', 'jana.lakatosovs@tempericb.cz', 'vlasta.nova@tempericb.cz', 'tempericb@tempericb.cz', 'temperi.sr@tempericb.cz', 'tempericb@tempericb.czt', 'centrumpomoci@tempericb.cz', 'martina.hruskova@tempericb.cz', 'marie.sedlackova@tempericb.cz', 'ales.novotny@tempericb.cz', 'veronika.nejedlova@tempericb.cz']",new_email_match,https://www.tempericb.cz
425,ŠLIKR - nízkoprahový klub pro mládež,Nízkoprahové zařízení,"SNP 2, Otrokovice, 765 02 Otrokovice",lazorka@unko.cz,+420734440029,http://www.unko.cz,https://www.unko.cz/slikr/nabidka-sluzeb/,https://www.unko.cz/slikr/nabidka-sluzeb/,unmatched,,,,,
426,NZDM Ymkárium,Nízkoprahové zařízení,"Tererova 1551/8, Praha 11-Chodov, 149 00 Praha",ymkarium@praha.ymca.cz,+420737629149,http://www.ymkarium.ymca.cz,https://praha.ymca.cz/kontakty -POZNÁMKA MUSÍ SE to vyfiltrovat,https://praha.ymca.cz/kontakty -POZNÁMKA MUSÍ SE to vyfiltrovat,matched,,scraped_contacts_telefon,,,
431,NZDM Dixie,Nízkoprahové zařízení,"Ortenovo náměstí 1275/34, Praha 7-Holešovice, 170 00 Praha",dixie@praha.ymca.cz,+420737872116,www.dixie.ymca.cz,https://praha.ymca.cz/kontakty -POZNÁMKA MUSÍ SE to vyfiltrovat,https://praha.ymca.cz/kontakty -POZNÁMKA MUSÍ SE to vyfiltrovat,matched,,scraped_contacts_telefon,,,https://www.dixie.ymca.cz
